wine.data,12.067,0.9709,0.0,0.0
wine.data,11.016,0.944,0.0,0.1
wine.data,11.947,0.9607,0.0,0.2
wine.data,10.819,0.9434,0.0,0.3
wine.data,10.751,0.961,0.0,0.4
wine.data,10.921,0.9542,0.0,0.5
wine.data,11.033,0.9549,0.0,0.6
wine.data,10.961,0.9728,0.0,0.7
wine.data,10.89,0.9501,0.0,0.8
wine.data,10.775,0.9775,0.0,0.9
wine.data,10.91,0.968,0.0,1.0
wine.data,10.755,0.9774,0.1,0.0
wine.data,10.436,0.9607,0.1,0.1
wine.data,9.978,0.9616,0.1,0.2
wine.data,10.082,0.9722,0.1,0.3
wine.data,10.226,0.9548,0.1,0.4
wine.data,10.433,0.9712,0.1,0.5
wine.data,10.39,0.9555,0.1,0.6
wine.data,10.345,0.961,0.1,0.7
wine.data,10.436,0.9721,0.1,0.8
wine.data,10.404,0.949,0.1,0.9
wine.data,10.539,0.9542,0.1,1.0
wine.data,10.86,0.9718,0.2,0.0
wine.data,10.137,0.9662,0.2,0.1
wine.data,10.135,0.9517,0.2,0.2
wine.data,10.318,0.9378,0.2,0.3
wine.data,10.234,0.9375,0.2,0.4
wine.data,10.585,0.9777,0.2,0.5
wine.data,10.522,0.9434,0.2,0.6
wine.data,10.683,0.9716,0.2,0.7
wine.data,10.913,0.9595,0.2,0.8
wine.data,10.974,0.9548,0.2,0.9
wine.data,11.021,0.9601,0.2,1.0
wine.data,10.752,0.9833,0.3,0.0
wine.data,10.116,0.9617,0.3,0.1
wine.data,10.33,0.9613,0.3,0.2
wine.data,10.321,0.9771,0.3,0.3
wine.data,10.409,0.9536,0.3,0.4
wine.data,10.543,0.9539,0.3,0.5
wine.data,10.627,0.9662,0.3,0.6
wine.data,10.814,0.9446,0.3,0.7
wine.data,11.057,0.9607,0.3,0.8
wine.data,11.15,0.931,0.3,0.9
wine.data,11.345,0.9666,0.3,1.0
wine.data,10.619,0.9672,0.4,0.0
wine.data,10.125,0.983,0.4,0.1
wine.data,10.191,0.9555,0.4,0.2
wine.data,10.382,0.9721,0.4,0.3
wine.data,10.292,0.9605,0.4,0.4
wine.data,10.715,0.9598,0.4,0.5
wine.data,10.842,0.9671,0.4,0.6
wine.data,10.928,0.983,0.4,0.7
wine.data,11.426,0.966,0.4,0.8
wine.data,11.273,0.9539,0.4,0.9
wine.data,11.638,0.9552,0.4,1.0
wine.data,10.829,0.927,0.5,0.0
wine.data,10.061,0.9617,0.5,0.1
wine.data,10.271,0.9496,0.5,0.2
wine.data,10.586,0.9722,0.5,0.3
wine.data,10.831,0.9716,0.5,0.4
wine.data,10.981,0.9598,0.5,0.5
wine.data,11.373,0.9725,0.5,0.6
wine.data,11.697,0.9768,0.5,0.7
wine.data,12.098,0.9326,0.5,0.8
wine.data,12.144,0.9565,0.5,0.9
wine.data,12.655,0.9382,0.5,1.0
wine.data,10.819,0.9483,0.6,0.0
wine.data,10.182,0.9768,0.6,0.1
wine.data,10.362,0.9379,0.6,0.2
wine.data,10.332,0.9549,0.6,0.3
wine.data,10.823,0.9667,0.6,0.4
wine.data,10.969,0.983,0.6,0.5
wine.data,11.351,0.9616,0.6,0.6
wine.data,11.825,0.9552,0.6,0.7
wine.data,11.846,0.9607,0.6,0.8
wine.data,12.197,0.9824,0.6,0.9
wine.data,12.66,0.9605,0.6,1.0
wine.data,10.712,0.9477,0.7,0.0
wine.data,10.188,0.9542,0.7,0.1
wine.data,10.2,0.9616,0.7,0.2
wine.data,10.478,0.9601,0.7,0.3
wine.data,10.871,0.9617,0.7,0.4
wine.data,10.931,0.9549,0.7,0.5
wine.data,11.299,0.9673,0.7,0.6
wine.data,11.842,0.9719,0.7,0.7
wine.data,11.879,0.9777,0.7,0.8
wine.data,12.372,0.9777,0.7,0.9
wine.data,12.538,0.9666,0.7,1.0
wine.data,10.881,0.9326,0.8,0.0
wine.data,10.04,0.9539,0.8,0.1
wine.data,10.244,0.9599,0.8,0.2
wine.data,10.353,0.9659,0.8,0.3
wine.data,10.73,0.9657,0.8,0.4
wine.data,10.977,0.9666,0.8,0.5
wine.data,11.463,0.9722,0.8,0.6
wine.data,11.533,0.9372,0.8,0.7
wine.data,11.955,0.9536,0.8,0.8
wine.data,12.214,0.9607,0.8,0.9
wine.data,12.564,0.9539,0.8,1.0
wine.data,10.75,0.966,0.9,0.0
wine.data,10.227,0.9552,0.9,0.1
wine.data,10.227,0.9545,0.9,0.2
wine.data,10.405,0.9827,0.9,0.3
wine.data,10.668,0.9558,0.9,0.4
wine.data,10.813,0.9382,0.9,0.5
wine.data,11.269,0.9657,0.9,0.6
wine.data,11.486,0.9666,0.9,0.7
wine.data,11.804,0.9657,0.9,0.8
wine.data,12.31,0.9827,0.9,0.9
wine.data,12.388,0.9725,0.9,1.0
wine.data,10.686,0.9669,1.0,0.0
wine.data,10.334,0.9601,1.0,0.1
wine.data,10.527,0.9549,1.0,0.2
wine.data,11.289,0.9505,1.0,0.3
wine.data,11.822,0.9781,1.0,0.4
wine.data,12.559,0.9669,1.0,0.5
wine.data,13.434,0.9836,1.0,0.6
wine.data,13.797,0.9435,1.0,0.7
wine.data,14.604,0.9839,1.0,0.8
wine.data,15.073,0.9601,1.0,0.9
wine.data,16.11,0.9604,1.0,1.0
wine.data,10.586,0.9396,0.0,0.0
wine.data,10.984,0.949,0.0,0.1
wine.data,10.738,0.9666,0.0,0.2
wine.data,10.765,0.9552,0.0,0.3
wine.data,10.718,0.9728,0.0,0.4
wine.data,10.789,0.9459,0.0,0.5
wine.data,10.713,0.9666,0.0,0.6
wine.data,10.691,0.9489,0.0,0.7
wine.data,10.586,0.9552,0.0,0.8
wine.data,10.635,0.9551,0.0,0.9
wine.data,10.68,0.9607,0.0,1.0
wine.data,10.892,0.9613,0.1,0.0
wine.data,10.144,0.962,0.1,0.1
wine.data,10.213,0.9604,0.1,0.2
wine.data,10.345,0.9719,0.1,0.3
wine.data,10.168,0.9666,0.1,0.4
wine.data,10.309,0.9384,0.1,0.5
wine.data,10.155,0.9666,0.1,0.6
wine.data,10.278,0.9604,0.1,0.7
wine.data,10.414,0.9497,0.1,0.8
wine.data,10.38,0.9657,0.1,0.9
wine.data,10.445,0.9549,0.1,1.0
wine.data,10.885,0.9657,0.2,0.0
wine.data,10.101,0.9533,0.2,0.1
wine.data,10.139,0.9542,0.2,0.2
wine.data,10.229,0.9502,0.2,0.3
wine.data,10.165,0.962,0.2,0.4
wine.data,10.389,0.9601,0.2,0.5
wine.data,10.37,0.9381,0.2,0.6
wine.data,10.74,0.9434,0.2,0.7
wine.data,10.676,0.9669,0.2,0.8
wine.data,10.87,0.9598,0.2,0.9
wine.data,10.9,0.9546,0.2,1.0
wine.data,10.853,0.9392,0.3,0.0
wine.data,10.099,0.9657,0.3,0.1
wine.data,10.093,0.9377,0.3,0.2
wine.data,10.197,0.9607,0.3,0.3
wine.data,10.283,0.9667,0.3,0.4
wine.data,10.597,0.9724,0.3,0.5
wine.data,10.532,0.9601,0.3,0.6
wine.data,10.729,0.9768,0.3,0.7
wine.data,10.917,0.9552,0.3,0.8
wine.data,11.049,0.9378,0.3,0.9
wine.data,11.167,0.966,0.3,1.0
wine.data,10.637,0.9709,0.4,0.0
wine.data,10.082,0.9224,0.4,0.1
wine.data,10.113,0.9556,0.4,0.2
wine.data,11.065,0.9728,0.4,0.3
wine.data,10.686,0.9886,0.4,0.4
wine.data,10.723,0.9722,0.4,0.5
wine.data,10.867,0.978,0.4,0.6
wine.data,11.073,0.9621,0.4,0.7
wine.data,11.008,0.9314,0.4,0.8
wine.data,11.426,0.9712,0.4,0.9
wine.data,11.545,0.9374,0.4,1.0
wine.data,10.769,0.9689,0.5,0.0
wine.data,10.18,0.9722,0.5,0.1
wine.data,10.912,0.9663,0.5,0.2
wine.data,10.474,0.9595,0.5,0.3
wine.data,10.87,0.9381,0.5,0.4
wine.data,11.196,0.9721,0.5,0.5
wine.data,11.243,0.9601,0.5,0.6
wine.data,11.596,0.9555,0.5,0.7
wine.data,11.892,0.9604,0.5,0.8
wine.data,12.137,0.9552,0.5,0.9
wine.data,12.396,0.9434,0.5,1.0
wine.data,10.815,0.961,0.6,0.0
wine.data,10.213,0.9443,0.6,0.1
wine.data,10.32,0.9653,0.6,0.2
wine.data,10.522,0.9663,0.6,0.3
wine.data,10.771,0.9659,0.6,0.4
wine.data,10.957,0.9595,0.6,0.5
wine.data,11.257,0.9607,0.6,0.6
wine.data,11.408,0.9777,0.6,0.7
wine.data,11.731,0.9488,0.6,0.8
wine.data,12.189,0.9669,0.6,0.9
wine.data,12.525,0.9557,0.6,1.0
wine.data,10.688,0.9594,0.7,0.0
wine.data,10.204,0.9607,0.7,0.1
wine.data,10.44,0.9545,0.7,0.2
wine.data,10.66,0.9443,0.7,0.3
wine.data,12.43,0.9666,0.7,0.4
wine.data,11.137,0.9619,0.7,0.5
wine.data,11.287,0.9557,0.7,0.6
wine.data,11.507,0.9768,0.7,0.7
wine.data,11.939,0.9536,0.7,0.8
wine.data,12.08,0.9712,0.7,0.9
wine.data,12.808,0.9435,0.7,1.0
wine.data,10.828,0.9552,0.8,0.0
wine.data,10.037,0.9304,0.8,0.1
wine.data,10.174,0.956,0.8,0.2
wine.data,10.428,0.9663,0.8,0.3
wine.data,10.686,0.966,0.8,0.4
wine.data,10.924,0.9376,0.8,0.5
wine.data,11.342,0.9734,0.8,0.6
wine.data,11.595,0.9552,0.8,0.7
wine.data,12.008,0.9613,0.8,0.8
wine.data,12.017,0.9716,0.8,0.9
wine.data,12.445,0.9833,0.8,1.0
wine.data,10.791,0.9607,0.9,0.0
wine.data,10.172,0.966,0.9,0.1
wine.data,10.256,0.9484,0.9,0.2
wine.data,10.495,0.9338,0.9,0.3
wine.data,10.715,0.9604,0.9,0.4
wine.data,11.135,0.9768,0.9,0.5
wine.data,11.418,0.9325,0.9,0.6
wine.data,11.682,0.9557,0.9,0.7
wine.data,11.966,0.9322,0.9,0.8
wine.data,12.157,0.9721,0.9,0.9
wine.data,12.388,0.9265,0.9,1.0
wine.data,10.733,0.9601,1.0,0.0
wine.data,10.353,0.9607,1.0,0.1
wine.data,10.594,0.9495,1.0,0.2
wine.data,11.043,0.9495,1.0,0.3
wine.data,11.826,0.9595,1.0,0.4
wine.data,12.466,0.949,1.0,0.5
wine.data,13.103,0.9505,1.0,0.6
wine.data,13.659,0.9663,1.0,0.7
wine.data,14.586,0.9533,1.0,0.8
wine.data,15.349,0.9724,1.0,0.9
wine.data,16.229,0.9669,1.0,1.0
wine.data,10.554,0.9492,0.0,0.0
wine.data,10.974,0.9833,0.0,0.1
wine.data,10.812,0.9616,0.0,0.2
wine.data,10.909,0.9598,0.0,0.3
wine.data,10.878,0.9548,0.0,0.4
wine.data,10.741,0.95,0.0,0.5
wine.data,10.728,0.9706,0.0,0.6
wine.data,11.018,0.9657,0.0,0.7
wine.data,10.598,0.9505,0.0,0.8
wine.data,10.931,0.9561,0.0,0.9
wine.data,10.791,0.9555,0.0,1.0
wine.data,10.864,0.9554,0.1,0.0
wine.data,10.162,0.9615,0.1,0.1
wine.data,10.242,0.9614,0.1,0.2
wine.data,10.257,0.9666,0.1,0.3
wine.data,10.056,0.9614,0.1,0.4
wine.data,10.158,0.9657,0.1,0.5
wine.data,10.301,0.9487,0.1,0.6
wine.data,10.286,0.9546,0.1,0.7
wine.data,10.354,0.9604,0.1,0.8
wine.data,10.345,0.9715,0.1,0.9
wine.data,10.498,0.9653,0.1,1.0
wine.data,11.016,0.9492,0.2,0.0
wine.data,10.279,0.9606,0.2,0.1
wine.data,10.117,0.9722,0.2,0.2
wine.data,10.258,0.9663,0.2,0.3
wine.data,10.241,0.9502,0.2,0.4
wine.data,10.316,0.9718,0.2,0.5
wine.data,10.598,0.9663,0.2,0.6
wine.data,10.549,0.9722,0.2,0.7
wine.data,10.795,0.9437,0.2,0.8
wine.data,10.743,0.951,0.2,0.9
wine.data,10.92,0.9271,0.2,1.0
wine.data,10.68,0.9328,0.3,0.0
wine.data,10.22,0.9552,0.3,0.1
wine.data,10.04,0.9774,0.3,0.2
wine.data,10.358,0.9487,0.3,0.3
wine.data,10.402,0.9666,0.3,0.4
wine.data,10.497,0.9609,0.3,0.5
wine.data,10.596,0.9672,0.3,0.6
wine.data,10.851,0.9558,0.3,0.7
wine.data,10.934,0.966,0.3,0.8
wine.data,11.094,0.9672,0.3,0.9
wine.data,11.217,0.9539,0.3,1.0
wine.data,10.826,0.949,0.4,0.0
wine.data,10.203,0.9613,0.4,0.1
wine.data,10.102,0.9614,0.4,0.2
wine.data,10.242,0.9381,0.4,0.3
wine.data,10.519,0.9609,0.4,0.4
wine.data,10.575,0.9725,0.4,0.5
wine.data,10.814,0.9486,0.4,0.6
wine.data,10.801,0.961,0.4,0.7
wine.data,11.162,0.9718,0.4,0.8
wine.data,11.24,0.9492,0.4,0.9
wine.data,11.55,0.9539,0.4,1.0
wine.data,10.754,0.9561,0.5,0.0
wine.data,10.101,0.9607,0.5,0.1
wine.data,10.294,0.9675,0.5,0.2
wine.data,10.566,0.9777,0.5,0.3
wine.data,10.648,0.9675,0.5,0.4
wine.data,11.008,0.9388,0.5,0.5
wine.data,11.317,0.9595,0.5,0.6
wine.data,11.455,0.9839,0.5,0.7
wine.data,11.722,0.9614,0.5,0.8
wine.data,12.084,0.9719,0.5,0.9
wine.data,12.418,0.949,0.5,1.0
wine.data,10.678,0.9719,0.6,0.0
wine.data,10.256,0.9505,0.6,0.1
wine.data,10.254,0.9539,0.6,0.2
wine.data,10.606,0.9385,0.6,0.3
wine.data,10.751,0.983,0.6,0.4
wine.data,11.141,0.9716,0.6,0.5
wine.data,11.377,0.9664,0.6,0.6
wine.data,11.596,0.9495,0.6,0.7
wine.data,11.835,0.9712,0.6,0.8
wine.data,12.195,0.9388,0.6,0.9
wine.data,12.576,0.9605,0.6,1.0
wine.data,10.747,0.9496,0.7,0.0
wine.data,9.934,0.961,0.7,0.1
wine.data,10.174,0.9732,0.7,0.2
wine.data,10.484,0.948,0.7,0.3
wine.data,10.672,0.9827,0.7,0.4
wine.data,11.086,0.966,0.7,0.5
wine.data,11.142,0.9607,0.7,0.6
wine.data,11.573,0.9507,0.7,0.7
wine.data,11.922,0.9603,0.7,0.8
wine.data,12.044,0.9657,0.7,0.9
wine.data,12.549,0.9601,0.7,1.0
wine.data,10.612,0.9777,0.8,0.0
wine.data,10.307,0.961,0.8,0.1
wine.data,10.219,0.932,0.8,0.2
wine.data,10.49,0.9657,0.8,0.3
wine.data,10.955,0.9731,0.8,0.4
wine.data,10.888,0.9502,0.8,0.5
wine.data,11.265,0.9501,0.8,0.6
wine.data,11.584,0.965,0.8,0.7
wine.data,11.78,0.9393,0.8,0.8
wine.data,12.1,0.9385,0.8,0.9
wine.data,12.336,0.9542,0.8,1.0
wine.data,10.624,0.9775,0.9,0.0
wine.data,10.154,0.9552,0.9,0.1
wine.data,10.341,0.9549,0.9,0.2
wine.data,10.504,0.9604,0.9,0.3
wine.data,10.814,0.9605,0.9,0.4
wine.data,10.877,0.9669,0.9,0.5
wine.data,11.317,0.9557,0.9,0.6
wine.data,11.747,0.9617,0.9,0.7
wine.data,11.747,0.961,0.9,0.8
wine.data,12.326,0.9609,0.9,0.9
wine.data,12.516,0.9375,0.9,1.0
wine.data,10.766,0.9542,1.0,0.0
wine.data,10.213,0.9605,1.0,0.1
wine.data,10.684,0.9552,1.0,0.2
wine.data,11.259,0.9668,1.0,0.3
wine.data,11.703,0.961,1.0,0.4
wine.data,12.645,0.9329,1.0,0.5
wine.data,13.29,0.9595,1.0,0.6
wine.data,14.11,0.966,1.0,0.7
wine.data,14.769,0.9552,1.0,0.8
wine.data,15.134,0.9771,1.0,0.9
wine.data,16.041,0.9561,1.0,1.0
wine.data,10.777,0.9443,0.0,0.0
wine.data,10.928,0.9669,0.0,0.1
wine.data,10.809,0.9601,0.0,0.2
wine.data,10.852,0.9771,0.0,0.3
wine.data,10.936,0.9433,0.0,0.4
wine.data,10.79,0.9669,0.0,0.5
wine.data,10.792,0.9542,0.0,0.6
wine.data,11.004,0.9373,0.0,0.7
wine.data,10.703,0.9706,0.0,0.8
wine.data,10.771,0.9337,0.0,0.9
wine.data,10.725,0.9555,0.0,1.0
wine.data,10.887,0.9657,0.1,0.0
wine.data,10.35,0.9771,0.1,0.1
wine.data,10.291,0.9604,0.1,0.2
wine.data,10.18,0.961,0.1,0.3
wine.data,10.218,0.9827,0.1,0.4
wine.data,10.349,0.9771,0.1,0.5
wine.data,10.33,0.9722,0.1,0.6
wine.data,10.553,0.9543,0.1,0.7
wine.data,10.371,0.9552,0.1,0.8
wine.data,10.489,0.9768,0.1,0.9
wine.data,10.496,0.9716,0.1,1.0
wine.data,10.68,0.9493,0.2,0.0
wine.data,10.132,0.949,0.2,0.1
wine.data,10.27,0.9656,0.2,0.2
wine.data,10.23,0.9453,0.2,0.3
wine.data,10.374,0.9598,0.2,0.4
wine.data,10.557,0.9719,0.2,0.5
wine.data,10.65,0.9719,0.2,0.6
wine.data,10.66,0.983,0.2,0.7
wine.data,10.884,0.9611,0.2,0.8
wine.data,11.017,0.9545,0.2,0.9
wine.data,11.077,0.9669,0.2,1.0
wine.data,10.911,0.9552,0.3,0.0
wine.data,10.179,0.9675,0.3,0.1
wine.data,10.167,0.9836,0.3,0.2
wine.data,10.273,0.9554,0.3,0.3
wine.data,10.321,0.9372,0.3,0.4
wine.data,10.446,0.9614,0.3,0.5
wine.data,10.617,0.9323,0.3,0.6
wine.data,10.867,0.9719,0.3,0.7
wine.data,10.914,0.983,0.3,0.8
wine.data,10.877,0.9505,0.3,0.9
wine.data,11.388,0.978,0.3,1.0
wine.data,10.657,0.9601,0.4,0.0
wine.data,10.161,0.9598,0.4,0.1
wine.data,10.176,0.9502,0.4,0.2
wine.data,10.355,0.9672,0.4,0.3
wine.data,10.406,0.9546,0.4,0.4
wine.data,10.553,0.9775,0.4,0.5
wine.data,10.894,0.9728,0.4,0.6
wine.data,10.955,0.961,0.4,0.7
wine.data,11.13,0.9654,0.4,0.8
wine.data,11.605,0.9765,0.4,0.9
wine.data,11.566,0.9669,0.4,1.0
wine.data,10.642,0.943,0.5,0.0
wine.data,10.25,0.9659,0.5,0.1
wine.data,10.343,0.966,0.5,0.2
wine.data,10.418,0.9669,0.5,0.3
wine.data,10.713,0.9499,0.5,0.4
wine.data,10.969,0.9886,0.5,0.5
wine.data,11.267,0.9512,0.5,0.6
wine.data,11.638,0.9669,0.5,0.7
wine.data,11.837,0.9456,0.5,0.8
wine.data,12.224,0.9601,0.5,0.9
wine.data,12.427,0.9437,0.5,1.0
wine.data,10.887,0.9437,0.6,0.0
wine.data,9.922,0.9771,0.6,0.1
wine.data,10.342,0.9715,0.6,0.2
wine.data,10.523,0.9601,0.6,0.3
wine.data,10.735,0.9718,0.6,0.4
wine.data,11.046,0.9489,0.6,0.5
wine.data,11.308,0.966,0.6,0.6
wine.data,11.549,0.9551,0.6,0.7
wine.data,11.764,0.9725,0.6,0.8
wine.data,12.302,0.9444,0.6,0.9
wine.data,12.455,0.9546,0.6,1.0
wine.data,10.655,0.961,0.7,0.0
wine.data,10.161,0.9612,0.7,0.1
wine.data,10.502,0.9554,0.7,0.2
wine.data,10.511,0.9666,0.7,0.3
wine.data,10.695,0.9663,0.7,0.4
wine.data,10.954,0.9718,0.7,0.5
wine.data,11.303,0.9666,0.7,0.6
wine.data,11.554,0.9719,0.7,0.7
wine.data,11.747,0.9502,0.7,0.8
wine.data,12.293,0.9712,0.7,0.9
wine.data,12.588,0.983,0.7,1.0
wine.data,11.025,0.9498,0.8,0.0
wine.data,10.152,0.9613,0.8,0.1
wine.data,10.272,0.9378,0.8,0.2
wine.data,10.611,0.9718,0.8,0.3
wine.data,10.762,0.9606,0.8,0.4
wine.data,11.048,0.9504,0.8,0.5
wine.data,11.248,0.9542,0.8,0.6
wine.data,11.463,0.966,0.8,0.7
wine.data,11.866,0.9771,0.8,0.8
wine.data,12.288,0.983,0.8,0.9
wine.data,12.509,0.9657,0.8,1.0
wine.data,10.926,0.9722,0.9,0.0
wine.data,10.256,0.9483,0.9,0.1
wine.data,10.388,0.9551,0.9,0.2
wine.data,10.523,0.9542,0.9,0.3
wine.data,10.68,0.9511,0.9,0.4
wine.data,11.106,0.9663,0.9,0.5
wine.data,11.313,0.9606,0.9,0.6
wine.data,11.531,0.9563,0.9,0.7
wine.data,11.908,0.9778,0.9,0.8
wine.data,12.213,0.9715,0.9,0.9
wine.data,12.584,0.9562,0.9,1.0
wine.data,10.886,0.9601,1.0,0.0
wine.data,10.181,0.9434,1.0,0.1
wine.data,10.568,0.9666,1.0,0.2
wine.data,11.179,0.9673,1.0,0.3
wine.data,11.737,0.9777,1.0,0.4
wine.data,12.655,0.9604,1.0,0.5
wine.data,13.324,0.9722,1.0,0.6
wine.data,13.76,0.9604,1.0,0.7
wine.data,14.678,0.9326,1.0,0.8
wine.data,15.149,0.9771,1.0,0.9
wine.data,16.057,0.9552,1.0,1.0
wine.data,10.798,0.9669,0.0,0.0
wine.data,10.796,0.9437,0.0,0.1
wine.data,11.002,0.9719,0.0,0.2
wine.data,10.698,0.9613,0.0,0.3
wine.data,10.833,0.9507,0.0,0.4
wine.data,10.963,0.9709,0.0,0.5
wine.data,10.746,0.9551,0.0,0.6
wine.data,11.074,0.9774,0.0,0.7
wine.data,10.613,0.9605,0.0,0.8
wine.data,10.918,0.9725,0.0,0.9
wine.data,10.91,0.9551,0.0,1.0
wine.data,10.972,0.9208,0.1,0.0
wine.data,10.264,0.9558,0.1,0.1
wine.data,10.163,0.9552,0.1,0.2
wine.data,10.228,0.9264,0.1,0.3
wine.data,10.133,0.95,0.1,0.4
wine.data,10.174,0.9663,0.1,0.5
wine.data,10.231,0.9833,0.1,0.6
wine.data,10.278,0.965,0.1,0.7
wine.data,10.383,0.9551,0.1,0.8
wine.data,10.417,0.9454,0.1,0.9
wine.data,10.388,0.9663,0.1,1.0
wine.data,10.676,0.9728,0.2,0.0
wine.data,10.241,0.978,0.2,0.1
wine.data,10.18,0.9609,0.2,0.2
wine.data,10.156,0.9722,0.2,0.3
wine.data,10.287,0.9605,0.2,0.4
wine.data,10.42,0.9774,0.2,0.5
wine.data,10.425,0.9666,0.2,0.6
wine.data,10.783,0.9733,0.2,0.7
wine.data,10.655,0.9663,0.2,0.8
wine.data,10.917,0.9551,0.2,0.9
wine.data,10.807,0.961,0.2,1.0
wine.data,10.829,0.9718,0.3,0.0
wine.data,10.124,0.9549,0.3,0.1
wine.data,10.21,0.966,0.3,0.2
wine.data,10.32,0.9719,0.3,0.3
wine.data,10.534,0.9666,0.3,0.4
wine.data,10.387,0.961,0.3,0.5
wine.data,10.549,0.9721,0.3,0.6
wine.data,10.909,0.966,0.3,0.7
wine.data,10.694,0.9719,0.3,0.8
wine.data,10.911,0.944,0.3,0.9
wine.data,11.168,0.9882,0.3,1.0
wine.data,10.741,0.9501,0.4,0.0
wine.data,10.122,0.9603,0.4,0.1
wine.data,10.323,0.9712,0.4,0.2
wine.data,10.417,0.9549,0.4,0.3
wine.data,10.5,0.983,0.4,0.4
wine.data,10.542,0.9607,0.4,0.5
wine.data,10.818,0.9659,0.4,0.6
wine.data,11.134,0.9724,0.4,0.7
wine.data,11.105,0.9557,0.4,0.8
wine.data,11.601,0.983,0.4,0.9
wine.data,11.697,0.9446,0.4,1.0
wine.data,10.753,0.9666,0.5,0.0
wine.data,10.182,0.9777,0.5,0.1
wine.data,10.318,0.9719,0.5,0.2
wine.data,10.573,0.949,0.5,0.3
wine.data,10.833,0.9385,0.5,0.4
wine.data,11.08,0.967,0.5,0.5
wine.data,11.203,0.967,0.5,0.6
wine.data,11.669,0.9663,0.5,0.7
wine.data,11.901,0.9774,0.5,0.8
wine.data,12.033,0.9551,0.5,0.9
wine.data,12.369,0.9546,0.5,1.0
wine.data,10.559,0.9677,0.6,0.0
wine.data,10.219,0.9671,0.6,0.1
wine.data,10.191,0.9492,0.6,0.2
wine.data,10.42,0.9605,0.6,0.3
wine.data,10.544,0.9545,0.6,0.4
wine.data,11.138,0.9724,0.6,0.5
wine.data,11.199,0.9424,0.6,0.6
wine.data,11.627,0.9558,0.6,0.7
wine.data,11.906,0.9718,0.6,0.8
wine.data,12.243,0.9771,0.6,0.9
wine.data,12.31,0.9598,0.6,1.0
wine.data,10.766,0.9335,0.7,0.0
wine.data,9.912,0.9551,0.7,0.1
wine.data,10.417,0.9669,0.7,0.2
wine.data,10.316,0.9611,0.7,0.3
wine.data,10.671,0.9716,0.7,0.4
wine.data,11.05,0.9841,0.7,0.5
wine.data,11.245,0.9886,0.7,0.6
wine.data,11.495,0.9601,0.7,0.7
wine.data,11.935,0.9669,0.7,0.8
wine.data,12.21,0.9665,0.7,0.9
wine.data,12.559,0.9499,0.7,1.0
wine.data,10.864,0.9659,0.8,0.0
wine.data,10.156,0.961,0.8,0.1
wine.data,10.248,0.9614,0.8,0.2
wine.data,10.319,0.9428,0.8,0.3
wine.data,10.571,0.949,0.8,0.4
wine.data,10.994,0.9488,0.8,0.5
wine.data,11.357,0.9607,0.8,0.6
wine.data,11.491,0.9677,0.8,0.7
wine.data,11.969,0.9716,0.8,0.8
wine.data,12.128,0.9561,0.8,0.9
wine.data,12.477,0.9771,0.8,1.0
wine.data,10.763,0.9617,0.9,0.0
wine.data,10.106,0.9431,0.9,0.1
wine.data,10.257,0.9536,0.9,0.2
wine.data,10.515,0.9722,0.9,0.3
wine.data,10.761,0.9781,0.9,0.4
wine.data,11.085,0.9273,0.9,0.5
wine.data,11.248,0.9663,0.9,0.6
wine.data,11.574,0.9783,0.9,0.7
wine.data,11.921,0.966,0.9,0.8
wine.data,12.156,0.9731,0.9,0.9
wine.data,12.612,0.9598,0.9,1.0
wine.data,10.771,0.9539,1.0,0.0
wine.data,10.247,0.9604,1.0,0.1
wine.data,10.731,0.9489,1.0,0.2
wine.data,11.236,0.9657,1.0,0.3
wine.data,11.606,0.9322,1.0,0.4
wine.data,12.676,0.9722,1.0,0.5
wine.data,13.035,0.9427,1.0,0.6
wine.data,13.935,0.9555,1.0,0.7
wine.data,14.553,0.9613,1.0,0.8
wine.data,15.424,0.9675,1.0,0.9
wine.data,16.42,0.9665,1.0,1.0
diabetes.csv,120.413,0.7357,0.0,0.0
diabetes.csv,119.161,0.7356,0.0,0.1
diabetes.csv,119.587,0.7513,0.0,0.2
diabetes.csv,119.376,0.7357,0.0,0.3
diabetes.csv,120.24,0.7412,0.0,0.4
diabetes.csv,120.022,0.7331,0.0,0.5
diabetes.csv,119.751,0.7474,0.0,0.6
diabetes.csv,120.483,0.7371,0.0,0.7
diabetes.csv,118.655,0.7514,0.0,0.8
diabetes.csv,119.184,0.7549,0.0,0.9
diabetes.csv,119.337,0.747,0.0,1.0
diabetes.csv,118.747,0.7397,0.1,0.0
diabetes.csv,119.321,0.7407,0.1,0.1
diabetes.csv,121.051,0.7512,0.1,0.2
diabetes.csv,122.189,0.7396,0.1,0.3
diabetes.csv,124.064,0.7554,0.1,0.4
diabetes.csv,125.362,0.7422,0.1,0.5
diabetes.csv,128.712,0.7504,0.1,0.6
diabetes.csv,129.428,0.7615,0.1,0.7
diabetes.csv,131.574,0.7434,0.1,0.8
diabetes.csv,131.612,0.7436,0.1,0.9
diabetes.csv,133.548,0.7553,0.1,1.0
diabetes.csv,117.253,0.7514,0.2,0.0
diabetes.csv,119.908,0.759,0.2,0.1
diabetes.csv,122.932,0.7382,0.2,0.2
diabetes.csv,125.669,0.7433,0.2,0.3
diabetes.csv,128.509,0.7381,0.2,0.4
diabetes.csv,130.006,0.7449,0.2,0.5
diabetes.csv,133.04,0.7463,0.2,0.6
diabetes.csv,138.532,0.7262,0.2,0.7
diabetes.csv,140.495,0.7237,0.2,0.8
diabetes.csv,143.91,0.7318,0.2,0.9
diabetes.csv,145.409,0.7445,0.2,1.0
diabetes.csv,120.052,0.7264,0.3,0.0
diabetes.csv,121.798,0.7135,0.3,0.1
diabetes.csv,124.543,0.755,0.3,0.2
diabetes.csv,127.242,0.7278,0.3,0.3
diabetes.csv,131.149,0.7553,0.3,0.4
diabetes.csv,134.683,0.7382,0.3,0.5
diabetes.csv,137.079,0.737,0.3,0.6
diabetes.csv,141.074,0.7358,0.3,0.7
diabetes.csv,143.376,0.7225,0.3,0.8
diabetes.csv,147.858,0.7268,0.3,0.9
diabetes.csv,151.343,0.731,0.3,1.0
diabetes.csv,118.796,0.7551,0.4,0.0
diabetes.csv,122.377,0.7385,0.4,0.1
diabetes.csv,125.391,0.7318,0.4,0.2
diabetes.csv,129.403,0.7255,0.4,0.3
diabetes.csv,132.075,0.7279,0.4,0.4
diabetes.csv,137.875,0.742,0.4,0.5
diabetes.csv,142.46,0.7291,0.4,0.6
diabetes.csv,144.958,0.719,0.4,0.7
diabetes.csv,151.974,0.7315,0.4,0.8
diabetes.csv,156.913,0.7319,0.4,0.9
diabetes.csv,157.881,0.7536,0.4,1.0
diabetes.csv,118.246,0.7644,0.5,0.0
diabetes.csv,122.494,0.7498,0.5,0.1
diabetes.csv,128.854,0.7318,0.5,0.2
diabetes.csv,132.684,0.7566,0.5,0.3
diabetes.csv,139.142,0.7434,0.5,0.4
diabetes.csv,147.001,0.7294,0.5,0.5
diabetes.csv,154.578,0.7068,0.5,0.6
diabetes.csv,161.455,0.7278,0.5,0.7
diabetes.csv,167.766,0.7356,0.5,0.8
diabetes.csv,173.531,0.7343,0.5,0.9
diabetes.csv,180.397,0.7342,0.5,1.0
diabetes.csv,117.71,0.7695,0.6,0.0
diabetes.csv,122.678,0.7537,0.6,0.1
diabetes.csv,129.054,0.7269,0.6,0.2
diabetes.csv,132.885,0.7448,0.6,0.3
diabetes.csv,139.611,0.7275,0.6,0.4
diabetes.csv,146.003,0.7474,0.6,0.5
diabetes.csv,152.693,0.7228,0.6,0.6
diabetes.csv,161.302,0.7209,0.6,0.7
diabetes.csv,168.044,0.729,0.6,0.8
diabetes.csv,172.194,0.7186,0.6,0.9
diabetes.csv,181.859,0.7318,0.6,1.0
diabetes.csv,118.856,0.7539,0.7,0.0
diabetes.csv,122.601,0.7458,0.7,0.1
diabetes.csv,128.26,0.7395,0.7,0.2
diabetes.csv,134.541,0.7486,0.7,0.3
diabetes.csv,139.181,0.7359,0.7,0.4
diabetes.csv,148.126,0.7174,0.7,0.5
diabetes.csv,155.732,0.746,0.7,0.6
diabetes.csv,159.985,0.7294,0.7,0.7
diabetes.csv,168.238,0.7293,0.7,0.8
diabetes.csv,173.938,0.7189,0.7,0.9
diabetes.csv,178.159,0.7216,0.7,1.0
diabetes.csv,119.195,0.7629,0.8,0.0
diabetes.csv,123.178,0.7371,0.8,0.1
diabetes.csv,127.505,0.7371,0.8,0.2
diabetes.csv,132.777,0.7474,0.8,0.3
diabetes.csv,139.875,0.7396,0.8,0.4
diabetes.csv,147.092,0.7172,0.8,0.5
diabetes.csv,154.088,0.7253,0.8,0.6
diabetes.csv,160.091,0.7381,0.8,0.7
diabetes.csv,164.767,0.7344,0.8,0.8
diabetes.csv,174.472,0.737,0.8,0.9
diabetes.csv,179.69,0.7281,0.8,1.0
diabetes.csv,119.895,0.7462,0.9,0.0
diabetes.csv,122.993,0.7462,0.9,0.1
diabetes.csv,127.607,0.7414,0.9,0.2
diabetes.csv,131.662,0.72,0.9,0.3
diabetes.csv,139.911,0.7251,0.9,0.4
diabetes.csv,147.732,0.7433,0.9,0.5
diabetes.csv,151.403,0.7278,0.9,0.6
diabetes.csv,161.131,0.7266,0.9,0.7
diabetes.csv,165.873,0.7305,0.9,0.8
diabetes.csv,172.01,0.7201,0.9,0.9
diabetes.csv,181.96,0.695,0.9,1.0
diabetes.csv,119.157,0.7433,1.0,0.0
diabetes.csv,125.644,0.7383,1.0,0.1
diabetes.csv,140.877,0.745,1.0,0.2
diabetes.csv,163.504,0.7329,1.0,0.3
diabetes.csv,183.784,0.7187,1.0,0.4
diabetes.csv,205.934,0.6825,1.0,0.5
diabetes.csv,220.197,0.6956,1.0,0.6
diabetes.csv,228.636,0.6926,1.0,0.7
diabetes.csv,241.367,0.6928,1.0,0.8
diabetes.csv,252.826,0.7137,1.0,0.9
diabetes.csv,262.257,0.7187,1.0,1.0
diabetes.csv,118.766,0.7358,0.0,0.0
diabetes.csv,118.693,0.7464,0.0,0.1
diabetes.csv,118.756,0.7343,0.0,0.2
diabetes.csv,118.318,0.7539,0.0,0.3
diabetes.csv,118.712,0.7628,0.0,0.4
diabetes.csv,119.499,0.7538,0.0,0.5
diabetes.csv,118.355,0.7471,0.0,0.6
diabetes.csv,119.573,0.7475,0.0,0.7
diabetes.csv,119.667,0.7423,0.0,0.8
diabetes.csv,117.367,0.737,0.0,0.9
diabetes.csv,118.308,0.7461,0.0,1.0
diabetes.csv,118.912,0.7433,0.1,0.0
diabetes.csv,119.193,0.7343,0.1,0.1
diabetes.csv,119.943,0.75,0.1,0.2
diabetes.csv,122.547,0.7512,0.1,0.3
diabetes.csv,122.795,0.7601,0.1,0.4
diabetes.csv,126.14,0.7566,0.1,0.5
diabetes.csv,127.462,0.7357,0.1,0.6
diabetes.csv,127.712,0.7502,0.1,0.7
diabetes.csv,130.856,0.7332,0.1,0.8
diabetes.csv,131.685,0.7575,0.1,0.9
diabetes.csv,133.509,0.7318,0.1,1.0
diabetes.csv,118.839,0.7473,0.2,0.0
diabetes.csv,119.59,0.7579,0.2,0.1
diabetes.csv,122.737,0.7395,0.2,0.2
diabetes.csv,124.989,0.7369,0.2,0.3
diabetes.csv,127.159,0.7707,0.2,0.4
diabetes.csv,131.467,0.742,0.2,0.5
diabetes.csv,134.569,0.7279,0.2,0.6
diabetes.csv,136.19,0.7083,0.2,0.7
diabetes.csv,138.624,0.7279,0.2,0.8
diabetes.csv,142.71,0.7422,0.2,0.9
diabetes.csv,146.913,0.7356,0.2,1.0
diabetes.csv,118.829,0.7641,0.3,0.0
diabetes.csv,120.652,0.7488,0.3,0.1
diabetes.csv,122.997,0.7433,0.3,0.2
diabetes.csv,126.252,0.7367,0.3,0.3
diabetes.csv,129.134,0.7402,0.3,0.4
diabetes.csv,133.784,0.7447,0.3,0.5
diabetes.csv,135.747,0.7487,0.3,0.6
diabetes.csv,140.779,0.7353,0.3,0.7
diabetes.csv,144.301,0.7487,0.3,0.8
diabetes.csv,147.933,0.7344,0.3,0.9
diabetes.csv,149.824,0.7356,0.3,1.0
diabetes.csv,119.057,0.7539,0.4,0.0
diabetes.csv,121.091,0.7434,0.4,0.1
diabetes.csv,124.849,0.7462,0.4,0.2
diabetes.csv,128.971,0.746,0.4,0.3
diabetes.csv,134.025,0.7345,0.4,0.4
diabetes.csv,136.411,0.7308,0.4,0.5
diabetes.csv,142.322,0.7292,0.4,0.6
diabetes.csv,146.857,0.7319,0.4,0.7
diabetes.csv,151.1,0.7211,0.4,0.8
diabetes.csv,155.701,0.7382,0.4,0.9
diabetes.csv,160.861,0.7095,0.4,1.0
diabetes.csv,118.817,0.7422,0.5,0.0
diabetes.csv,122.904,0.7396,0.5,0.1
diabetes.csv,127.791,0.7394,0.5,0.2
diabetes.csv,133.568,0.7275,0.5,0.3
diabetes.csv,139.22,0.7421,0.5,0.4
diabetes.csv,147.692,0.7317,0.5,0.5
diabetes.csv,155.593,0.7161,0.5,0.6
diabetes.csv,160.919,0.7382,0.5,0.7
diabetes.csv,165.395,0.7499,0.5,0.8
diabetes.csv,172.192,0.743,0.5,0.9
diabetes.csv,179.58,0.7394,0.5,1.0
diabetes.csv,119.275,0.7537,0.6,0.0
diabetes.csv,122.5,0.7369,0.6,0.1
diabetes.csv,128.065,0.7265,0.6,0.2
diabetes.csv,132.999,0.7279,0.6,0.3
diabetes.csv,140.587,0.7487,0.6,0.4
diabetes.csv,146.884,0.7421,0.6,0.5
diabetes.csv,154.463,0.7213,0.6,0.6
diabetes.csv,158.8,0.7331,0.6,0.7
diabetes.csv,166.221,0.728,0.6,0.8
diabetes.csv,175.664,0.7239,0.6,0.9
diabetes.csv,181.166,0.7203,0.6,1.0
diabetes.csv,119.017,0.7341,0.7,0.0
diabetes.csv,123.524,0.7433,0.7,0.1
diabetes.csv,127.993,0.7386,0.7,0.2
diabetes.csv,133.01,0.7342,0.7,0.3
diabetes.csv,140.119,0.7383,0.7,0.4
diabetes.csv,147.05,0.7344,0.7,0.5
diabetes.csv,152.374,0.7394,0.7,0.6
diabetes.csv,161.432,0.727,0.7,0.7
diabetes.csv,167.752,0.7409,0.7,0.8
diabetes.csv,175.636,0.7241,0.7,0.9
diabetes.csv,179.531,0.7295,0.7,1.0
diabetes.csv,117.636,0.7604,0.8,0.0
diabetes.csv,123.926,0.7355,0.8,0.1
diabetes.csv,125.25,0.7419,0.8,0.2
diabetes.csv,134.373,0.7252,0.8,0.3
diabetes.csv,140.341,0.7356,0.8,0.4
diabetes.csv,146.711,0.738,0.8,0.5
diabetes.csv,155.035,0.7096,0.8,0.6
diabetes.csv,162.371,0.7279,0.8,0.7
diabetes.csv,168.363,0.7266,0.8,0.8
diabetes.csv,172.328,0.7296,0.8,0.9
diabetes.csv,180.023,0.7174,0.8,1.0
diabetes.csv,117.87,0.7503,0.9,0.0
diabetes.csv,124.444,0.7438,0.9,0.1
diabetes.csv,128.057,0.7346,0.9,0.2
diabetes.csv,131.687,0.7345,0.9,0.3
diabetes.csv,139.806,0.7331,0.9,0.4
diabetes.csv,147.255,0.7503,0.9,0.5
diabetes.csv,154.867,0.7424,0.9,0.6
diabetes.csv,162.253,0.7395,0.9,0.7
diabetes.csv,166.594,0.7175,0.9,0.8
diabetes.csv,173.055,0.7396,0.9,0.9
diabetes.csv,180.937,0.7175,0.9,1.0
diabetes.csv,118.795,0.7511,1.0,0.0
diabetes.csv,127.956,0.7368,1.0,0.1
diabetes.csv,140.381,0.7241,1.0,0.2
diabetes.csv,162.854,0.7279,1.0,0.3
diabetes.csv,185.652,0.7237,1.0,0.4
diabetes.csv,205.667,0.7111,1.0,0.5
diabetes.csv,217.903,0.6993,1.0,0.6
diabetes.csv,229.262,0.7044,1.0,0.7
diabetes.csv,241.731,0.7031,1.0,0.8
diabetes.csv,252.379,0.7108,1.0,0.9
diabetes.csv,264.37,0.7084,1.0,1.0
diabetes.csv,118.515,0.7424,0.0,0.0
diabetes.csv,118.317,0.7513,0.0,0.1
diabetes.csv,119.634,0.7551,0.0,0.2
diabetes.csv,118.237,0.7497,0.0,0.3
diabetes.csv,119.179,0.7302,0.0,0.4
diabetes.csv,119.15,0.7511,0.0,0.5
diabetes.csv,118.386,0.7633,0.0,0.6
diabetes.csv,119.28,0.7514,0.0,0.7
diabetes.csv,118.554,0.7464,0.0,0.8
diabetes.csv,119.108,0.7448,0.0,0.9
diabetes.csv,120.879,0.7446,0.0,1.0
diabetes.csv,118.634,0.7318,0.1,0.0
diabetes.csv,120.11,0.7579,0.1,0.1
diabetes.csv,120.298,0.7408,0.1,0.2
diabetes.csv,122.8,0.7212,0.1,0.3
diabetes.csv,122.992,0.7407,0.1,0.4
diabetes.csv,126.142,0.75,0.1,0.5
diabetes.csv,127.574,0.7332,0.1,0.6
diabetes.csv,129.585,0.7463,0.1,0.7
diabetes.csv,129.746,0.7394,0.1,0.8
diabetes.csv,130.319,0.759,0.1,0.9
diabetes.csv,134.548,0.7449,0.1,1.0
diabetes.csv,119.099,0.7515,0.2,0.0
diabetes.csv,119.427,0.7512,0.2,0.1
diabetes.csv,122.658,0.7539,0.2,0.2
diabetes.csv,125.263,0.741,0.2,0.3
diabetes.csv,128.747,0.7449,0.2,0.4
diabetes.csv,131.685,0.7409,0.2,0.5
diabetes.csv,134.242,0.7357,0.2,0.6
diabetes.csv,136.405,0.7228,0.2,0.7
diabetes.csv,137.56,0.7316,0.2,0.8
diabetes.csv,142.204,0.7199,0.2,0.9
diabetes.csv,145.82,0.7476,0.2,1.0
diabetes.csv,119.202,0.7496,0.3,0.0
diabetes.csv,121.643,0.7487,0.3,0.1
diabetes.csv,122.918,0.7472,0.3,0.2
diabetes.csv,127.337,0.7306,0.3,0.3
diabetes.csv,129.962,0.7289,0.3,0.4
diabetes.csv,134.65,0.7358,0.3,0.5
diabetes.csv,136.405,0.7445,0.3,0.6
diabetes.csv,142.851,0.7269,0.3,0.7
diabetes.csv,144.886,0.7292,0.3,0.8
diabetes.csv,148.456,0.7175,0.3,0.9
diabetes.csv,150.978,0.754,0.3,1.0
diabetes.csv,119.766,0.7539,0.4,0.0
diabetes.csv,121.785,0.7512,0.4,0.1
diabetes.csv,125.079,0.7226,0.4,0.2
diabetes.csv,128.052,0.7396,0.4,0.3
diabetes.csv,133.06,0.7449,0.4,0.4
diabetes.csv,137.119,0.737,0.4,0.5
diabetes.csv,142.65,0.7421,0.4,0.6
diabetes.csv,148.128,0.7216,0.4,0.7
diabetes.csv,152.289,0.7447,0.4,0.8
diabetes.csv,156.785,0.7461,0.4,0.9
diabetes.csv,159.244,0.7515,0.4,1.0
diabetes.csv,120.001,0.7267,0.5,0.0
diabetes.csv,123.854,0.7318,0.5,0.1
diabetes.csv,127.982,0.7293,0.5,0.2
diabetes.csv,134.303,0.7524,0.5,0.3
diabetes.csv,140.621,0.7353,0.5,0.4
diabetes.csv,150.037,0.7372,0.5,0.5
diabetes.csv,155.387,0.737,0.5,0.6
diabetes.csv,162.096,0.7357,0.5,0.7
diabetes.csv,168.76,0.7198,0.5,0.8
diabetes.csv,175.626,0.7213,0.5,0.9
diabetes.csv,179.297,0.7213,0.5,1.0
diabetes.csv,120.208,0.758,0.6,0.0
diabetes.csv,124.741,0.7396,0.6,0.1
diabetes.csv,127.469,0.7369,0.6,0.2
diabetes.csv,134.907,0.7474,0.6,0.3
diabetes.csv,142.152,0.7222,0.6,0.4
diabetes.csv,149.229,0.7474,0.6,0.5
diabetes.csv,154.826,0.7236,0.6,0.6
diabetes.csv,161.184,0.712,0.6,0.7
diabetes.csv,169.285,0.7212,0.6,0.8
diabetes.csv,176.654,0.7162,0.6,0.9
diabetes.csv,182.36,0.7085,0.6,1.0
diabetes.csv,121.52,0.7462,0.7,0.0
diabetes.csv,125.061,0.7603,0.7,0.1
diabetes.csv,129.191,0.7305,0.7,0.2
diabetes.csv,133.702,0.7476,0.7,0.3
diabetes.csv,140.799,0.7382,0.7,0.4
diabetes.csv,148.657,0.7449,0.7,0.5
diabetes.csv,157.166,0.7131,0.7,0.6
diabetes.csv,163.686,0.7253,0.7,0.7
diabetes.csv,170.381,0.7302,0.7,0.8
diabetes.csv,177.546,0.7446,0.7,0.9
diabetes.csv,186.379,0.7243,0.7,1.0
diabetes.csv,120.944,0.7396,0.8,0.0
diabetes.csv,126.082,0.7485,0.8,0.1
diabetes.csv,129.932,0.7498,0.8,0.2
diabetes.csv,137.222,0.7392,0.8,0.3
diabetes.csv,142.282,0.7409,0.8,0.4
diabetes.csv,150.047,0.7433,0.8,0.5
diabetes.csv,160.348,0.7281,0.8,0.6
diabetes.csv,169.624,0.7369,0.8,0.7
diabetes.csv,174.745,0.7411,0.8,0.8
diabetes.csv,179.051,0.7204,0.8,0.9
diabetes.csv,185.576,0.7171,0.8,1.0
diabetes.csv,123.24,0.7553,0.9,0.0
diabetes.csv,126.869,0.7468,0.9,0.1
diabetes.csv,131.378,0.7472,0.9,0.2
diabetes.csv,137.115,0.7577,0.9,0.3
diabetes.csv,144.818,0.7398,0.9,0.4
diabetes.csv,151.942,0.7268,0.9,0.5
diabetes.csv,162.08,0.7412,0.9,0.6
diabetes.csv,167.971,0.7393,0.9,0.7
diabetes.csv,173.149,0.7485,0.9,0.8
diabetes.csv,180.343,0.7333,0.9,0.9
diabetes.csv,189.734,0.7332,0.9,1.0
diabetes.csv,123.131,0.7512,1.0,0.0
diabetes.csv,135.285,0.7423,1.0,0.1
diabetes.csv,147.136,0.7265,1.0,0.2
diabetes.csv,171.142,0.7201,1.0,0.3
diabetes.csv,193.625,0.7154,1.0,0.4
diabetes.csv,209.497,0.7074,1.0,0.5
diabetes.csv,220.433,0.6873,1.0,0.6
diabetes.csv,236.401,0.7019,1.0,0.7
diabetes.csv,248.729,0.7135,1.0,0.8
diabetes.csv,274.584,0.6912,1.0,0.9
diabetes.csv,270.344,0.7033,1.0,1.0
diabetes.csv,131.068,0.763,0.0,0.0
diabetes.csv,141.667,0.7488,0.0,0.1
diabetes.csv,129.718,0.7434,0.0,0.2
diabetes.csv,129.221,0.7331,0.0,0.3
diabetes.csv,125.891,0.7486,0.0,0.4
diabetes.csv,128.44,0.758,0.0,0.5
diabetes.csv,125.711,0.7491,0.0,0.6
diabetes.csv,129.823,0.7448,0.0,0.7
diabetes.csv,126.768,0.733,0.0,0.8
diabetes.csv,126.372,0.7487,0.0,0.9
diabetes.csv,124.935,0.7462,0.0,1.0
diabetes.csv,130.85,0.7563,0.1,0.0
diabetes.csv,132.657,0.7331,0.1,0.1
diabetes.csv,126.554,0.7462,0.1,0.2
diabetes.csv,127.39,0.7487,0.1,0.3
diabetes.csv,128.416,0.7435,0.1,0.4
diabetes.csv,130.004,0.7541,0.1,0.5
diabetes.csv,132.474,0.7395,0.1,0.6
diabetes.csv,134.62,0.7343,0.1,0.7
diabetes.csv,135.252,0.75,0.1,0.8
diabetes.csv,137.92,0.7475,0.1,0.9
diabetes.csv,139.781,0.7421,0.1,1.0
diabetes.csv,123.733,0.7501,0.2,0.0
diabetes.csv,126.149,0.7212,0.2,0.1
diabetes.csv,126.459,0.75,0.2,0.2
diabetes.csv,131.145,0.7422,0.2,0.3
diabetes.csv,134.726,0.7341,0.2,0.4
diabetes.csv,136.501,0.737,0.2,0.5
diabetes.csv,139.313,0.7383,0.2,0.6
diabetes.csv,140.987,0.7266,0.2,0.7
diabetes.csv,144.194,0.7368,0.2,0.8
diabetes.csv,149.084,0.7421,0.2,0.9
diabetes.csv,158.055,0.7305,0.2,1.0
diabetes.csv,129.194,0.7359,0.3,0.0
diabetes.csv,128.731,0.7566,0.3,0.1
diabetes.csv,137.571,0.7478,0.3,0.2
diabetes.csv,134.83,0.7407,0.3,0.3
diabetes.csv,143.325,0.7509,0.3,0.4
diabetes.csv,141.791,0.742,0.3,0.5
diabetes.csv,143.493,0.7552,0.3,0.6
diabetes.csv,150.665,0.7305,0.3,0.7
diabetes.csv,150.597,0.724,0.3,0.8
diabetes.csv,160.555,0.7277,0.3,0.9
diabetes.csv,158.253,0.7304,0.3,1.0
diabetes.csv,124.553,0.7552,0.4,0.0
diabetes.csv,128.232,0.7448,0.4,0.1
diabetes.csv,129.156,0.724,0.4,0.2
diabetes.csv,136.167,0.7495,0.4,0.3
diabetes.csv,139.608,0.7163,0.4,0.4
diabetes.csv,145.467,0.7475,0.4,0.5
diabetes.csv,149.117,0.7216,0.4,0.6
diabetes.csv,155.212,0.7356,0.4,0.7
diabetes.csv,163.538,0.7135,0.4,0.8
diabetes.csv,164.786,0.745,0.4,0.9
diabetes.csv,168.479,0.7278,0.4,1.0
diabetes.csv,125.809,0.7382,0.5,0.0
diabetes.csv,132.035,0.7379,0.5,0.1
diabetes.csv,133.278,0.7526,0.5,0.2
diabetes.csv,141.396,0.7294,0.5,0.3
diabetes.csv,149.424,0.7432,0.5,0.4
diabetes.csv,153.733,0.7345,0.5,0.5
diabetes.csv,158.504,0.7319,0.5,0.6
diabetes.csv,172.244,0.7174,0.5,0.7
diabetes.csv,174.53,0.7489,0.5,0.8
diabetes.csv,177.174,0.7265,0.5,0.9
diabetes.csv,191.439,0.7265,0.5,1.0
diabetes.csv,124.717,0.7436,0.6,0.0
diabetes.csv,129.901,0.7435,0.6,0.1
diabetes.csv,134.011,0.7384,0.6,0.2
diabetes.csv,139.907,0.7174,0.6,0.3
diabetes.csv,145.943,0.7498,0.6,0.4
diabetes.csv,159.596,0.742,0.6,0.5
diabetes.csv,165.419,0.7357,0.6,0.6
diabetes.csv,169.494,0.7137,0.6,0.7
diabetes.csv,175.704,0.7112,0.6,0.8
diabetes.csv,186.061,0.7294,0.6,0.9
diabetes.csv,189.983,0.7239,0.6,1.0
diabetes.csv,126.3,0.7315,0.7,0.0
diabetes.csv,131.179,0.7538,0.7,0.1
diabetes.csv,131.893,0.7529,0.7,0.2
diabetes.csv,141.413,0.7329,0.7,0.3
diabetes.csv,155.145,0.7304,0.7,0.4
diabetes.csv,159.903,0.7406,0.7,0.5
diabetes.csv,163.297,0.7423,0.7,0.6
diabetes.csv,171.621,0.7476,0.7,0.7
diabetes.csv,176.762,0.713,0.7,0.8
diabetes.csv,183.301,0.7353,0.7,0.9
diabetes.csv,194.171,0.7215,0.7,1.0
diabetes.csv,127.238,0.7475,0.8,0.0
diabetes.csv,128.803,0.7487,0.8,0.1
diabetes.csv,134.035,0.7457,0.8,0.2
diabetes.csv,141.535,0.7383,0.8,0.3
diabetes.csv,146.822,0.7238,0.8,0.4
diabetes.csv,156.836,0.7334,0.8,0.5
diabetes.csv,158.507,0.7315,0.8,0.6
diabetes.csv,169.979,0.7213,0.8,0.7
diabetes.csv,177.911,0.737,0.8,0.8
diabetes.csv,185.222,0.7318,0.8,0.9
diabetes.csv,194.112,0.732,0.8,1.0
diabetes.csv,126.274,0.7502,0.9,0.0
diabetes.csv,130.169,0.7381,0.9,0.1
diabetes.csv,134.522,0.737,0.9,0.2
diabetes.csv,139.367,0.7305,0.9,0.3
diabetes.csv,148.805,0.7381,0.9,0.4
diabetes.csv,163.195,0.7317,0.9,0.5
diabetes.csv,165.815,0.7308,0.9,0.6
diabetes.csv,171.609,0.7354,0.9,0.7
diabetes.csv,174.66,0.7251,0.9,0.8
diabetes.csv,184.857,0.7231,0.9,0.9
diabetes.csv,194.623,0.7342,0.9,1.0
diabetes.csv,126.441,0.7357,1.0,0.0
diabetes.csv,134.669,0.7307,1.0,0.1
diabetes.csv,154.51,0.7251,1.0,0.2
diabetes.csv,169.823,0.7306,1.0,0.3
diabetes.csv,192.337,0.7135,1.0,0.4
diabetes.csv,212.765,0.6937,1.0,0.5
diabetes.csv,229.082,0.6938,1.0,0.6
diabetes.csv,244.147,0.6993,1.0,0.7
diabetes.csv,254.532,0.6953,1.0,0.8
diabetes.csv,266.038,0.7032,1.0,0.9
diabetes.csv,279.081,0.7082,1.0,1.0
diabetes.csv,127.762,0.7396,0.0,0.0
diabetes.csv,127.849,0.7531,0.0,0.1
diabetes.csv,126.678,0.7524,0.0,0.2
diabetes.csv,131.051,0.7657,0.0,0.3
diabetes.csv,127.844,0.7447,0.0,0.4
diabetes.csv,126.244,0.7409,0.0,0.5
diabetes.csv,127.609,0.7189,0.0,0.6
diabetes.csv,125.776,0.742,0.0,0.7
diabetes.csv,127.661,0.7357,0.0,0.8
diabetes.csv,125.704,0.7396,0.0,0.9
diabetes.csv,125.326,0.7306,0.0,1.0
diabetes.csv,126.676,0.7476,0.1,0.0
diabetes.csv,127.939,0.7472,0.1,0.1
diabetes.csv,128.743,0.747,0.1,0.2
diabetes.csv,128.426,0.7616,0.1,0.3
diabetes.csv,130.012,0.759,0.1,0.4
diabetes.csv,134.904,0.7476,0.1,0.5
diabetes.csv,134.017,0.7551,0.1,0.6
diabetes.csv,132.933,0.7501,0.1,0.7
diabetes.csv,135.462,0.7408,0.1,0.8
diabetes.csv,135.394,0.7472,0.1,0.9
diabetes.csv,138.277,0.7354,0.1,1.0
diabetes.csv,123.599,0.7512,0.2,0.0
diabetes.csv,125.083,0.7407,0.2,0.1
diabetes.csv,126.773,0.7559,0.2,0.2
diabetes.csv,128.876,0.7371,0.2,0.3
diabetes.csv,132.745,0.7383,0.2,0.4
diabetes.csv,135.761,0.7475,0.2,0.5
diabetes.csv,137.484,0.7331,0.2,0.6
diabetes.csv,141.493,0.7397,0.2,0.7
diabetes.csv,143.797,0.7278,0.2,0.8
diabetes.csv,147.668,0.7421,0.2,0.9
diabetes.csv,150.806,0.7434,0.2,1.0
diabetes.csv,128.755,0.7395,0.3,0.0
diabetes.csv,126.773,0.7329,0.3,0.1
diabetes.csv,126.335,0.7292,0.3,0.2
diabetes.csv,130.254,0.7408,0.3,0.3
diabetes.csv,132.954,0.7355,0.3,0.4
diabetes.csv,138.799,0.7422,0.3,0.5
diabetes.csv,141.355,0.7173,0.3,0.6
diabetes.csv,144.011,0.746,0.3,0.7
diabetes.csv,147.937,0.7394,0.3,0.8
diabetes.csv,151.873,0.7618,0.3,0.9
diabetes.csv,157.518,0.7346,0.3,1.0
diabetes.csv,122.501,0.737,0.4,0.0
diabetes.csv,125.801,0.7437,0.4,0.1
diabetes.csv,128.549,0.7563,0.4,0.2
diabetes.csv,133.009,0.7397,0.4,0.3
diabetes.csv,136.734,0.7201,0.4,0.4
diabetes.csv,142.279,0.7171,0.4,0.5
diabetes.csv,148.466,0.7396,0.4,0.6
diabetes.csv,151.174,0.7465,0.4,0.7
diabetes.csv,157.265,0.7238,0.4,0.8
diabetes.csv,160.198,0.7292,0.4,0.9
diabetes.csv,165.542,0.7514,0.4,1.0
diabetes.csv,123.241,0.7537,0.5,0.0
diabetes.csv,126.716,0.737,0.5,0.1
diabetes.csv,131.101,0.7256,0.5,0.2
diabetes.csv,138.082,0.7396,0.5,0.3
diabetes.csv,144.488,0.7528,0.5,0.4
diabetes.csv,150.311,0.7318,0.5,0.5
diabetes.csv,158.418,0.7409,0.5,0.6
diabetes.csv,166.45,0.7162,0.5,0.7
diabetes.csv,173.016,0.7239,0.5,0.8
diabetes.csv,177.095,0.7343,0.5,0.9
diabetes.csv,186.559,0.7278,0.5,1.0
diabetes.csv,123.382,0.7603,0.6,0.0
diabetes.csv,127.385,0.7333,0.6,0.1
diabetes.csv,132.257,0.7462,0.6,0.2
diabetes.csv,138.54,0.7407,0.6,0.3
diabetes.csv,143.58,0.7322,0.6,0.4
diabetes.csv,151.646,0.7254,0.6,0.5
diabetes.csv,160.288,0.7278,0.6,0.6
diabetes.csv,166.634,0.7433,0.6,0.7
diabetes.csv,172.316,0.7285,0.6,0.8
diabetes.csv,179.211,0.7241,0.6,0.9
diabetes.csv,187.65,0.7252,0.6,1.0
diabetes.csv,126.468,0.7475,0.7,0.0
diabetes.csv,129.815,0.7279,0.7,0.1
diabetes.csv,136.548,0.7384,0.7,0.2
heart.dat,21.029,0.8148,0.0,0.0
heart.dat,19.569,0.8111,0.0,0.1
heart.dat,19.762,0.8148,0.0,0.2
heart.dat,19.641,0.8037,0.0,0.3
heart.dat,19.408,0.8074,0.0,0.4
heart.dat,19.797,0.8111,0.0,0.5
heart.dat,19.688,0.837,0.0,0.6
heart.dat,19.503,0.8111,0.0,0.7
heart.dat,19.814,0.837,0.0,0.8
heart.dat,19.572,0.8185,0.0,0.9
heart.dat,19.916,0.7963,0.0,1.0
heart.dat,19.743,0.8333,0.1,0.0
heart.dat,19.639,0.8148,0.1,0.1
heart.dat,19.281,0.8074,0.1,0.2
heart.dat,19.626,0.8037,0.1,0.3
heart.dat,19.387,0.8,0.1,0.4
heart.dat,19.526,0.8222,0.1,0.5
heart.dat,19.916,0.8185,0.1,0.6
heart.dat,20.291,0.8148,0.1,0.7
heart.dat,20.187,0.8,0.1,0.8
heart.dat,20.654,0.8,0.1,0.9
heart.dat,20.518,0.7963,0.1,1.0
heart.dat,19.751,0.8333,0.2,0.0
heart.dat,19.282,0.8,0.2,0.1
heart.dat,19.474,0.7926,0.2,0.2
heart.dat,19.367,0.7741,0.2,0.3
heart.dat,20.043,0.8074,0.2,0.4
heart.dat,20.058,0.8222,0.2,0.5
heart.dat,20.657,0.7926,0.2,0.6
heart.dat,20.822,0.8111,0.2,0.7
heart.dat,21.29,0.7963,0.2,0.8
heart.dat,21.853,0.7926,0.2,0.9
heart.dat,21.918,0.8,0.2,1.0
heart.dat,19.63,0.8148,0.3,0.0
heart.dat,19.25,0.837,0.3,0.1
heart.dat,19.759,0.8333,0.3,0.2
heart.dat,20.045,0.7963,0.3,0.3
heart.dat,20.052,0.8222,0.3,0.4
heart.dat,20.266,0.8148,0.3,0.5
heart.dat,20.993,0.8111,0.3,0.6
heart.dat,21.348,0.8111,0.3,0.7
heart.dat,22.097,0.8,0.3,0.8
heart.dat,22.1,0.8111,0.3,0.9
heart.dat,22.693,0.8074,0.3,1.0
heart.dat,19.329,0.8148,0.4,0.0
heart.dat,19.191,0.7963,0.4,0.1
heart.dat,19.724,0.8111,0.4,0.2
heart.dat,20.145,0.7963,0.4,0.3
heart.dat,20.724,0.8074,0.4,0.4
heart.dat,20.886,0.8074,0.4,0.5
heart.dat,21.645,0.7963,0.4,0.6
heart.dat,22.073,0.7704,0.4,0.7
heart.dat,22.65,0.8148,0.4,0.8
heart.dat,23.22,0.8074,0.4,0.9
heart.dat,23.622,0.7815,0.4,1.0
heart.dat,19.607,0.8074,0.5,0.0
heart.dat,19.443,0.8222,0.5,0.1
heart.dat,20.018,0.8,0.5,0.2
heart.dat,20.922,0.7852,0.5,0.3
heart.dat,21.204,0.8296,0.5,0.4
heart.dat,22.211,0.8333,0.5,0.5
heart.dat,23.084,0.7704,0.5,0.6
heart.dat,23.71,0.7963,0.5,0.7
heart.dat,24.756,0.8296,0.5,0.8
heart.dat,25.56,0.7889,0.5,0.9
heart.dat,26.45,0.8,0.5,1.0
heart.dat,19.897,0.8111,0.6,0.0
heart.dat,19.738,0.8111,0.6,0.1
heart.dat,20.066,0.8259,0.6,0.2
heart.dat,20.723,0.8185,0.6,0.3
heart.dat,21.4,0.7889,0.6,0.4
heart.dat,22.206,0.8074,0.6,0.5
heart.dat,23.446,0.8111,0.6,0.6
heart.dat,24.12,0.8,0.6,0.7
heart.dat,24.627,0.8111,0.6,0.8
heart.dat,25.696,0.7815,0.6,0.9
heart.dat,26.301,0.837,0.6,1.0
heart.dat,20.063,0.8148,0.7,0.0
heart.dat,19.424,0.8222,0.7,0.1
heart.dat,19.869,0.7815,0.7,0.2
heart.dat,20.908,0.7963,0.7,0.3
heart.dat,21.387,0.7889,0.7,0.4
heart.dat,22.284,0.7963,0.7,0.5
heart.dat,23.201,0.7926,0.7,0.6
heart.dat,23.8,0.8037,0.7,0.7
heart.dat,24.642,0.8185,0.7,0.8
heart.dat,25.613,0.7889,0.7,0.9
heart.dat,26.596,0.7926,0.7,1.0
heart.dat,19.841,0.8111,0.8,0.0
heart.dat,19.658,0.8222,0.8,0.1
heart.dat,20.086,0.8074,0.8,0.2
heart.dat,20.722,0.8074,0.8,0.3
heart.dat,21.258,0.8185,0.8,0.4
heart.dat,22.238,0.7593,0.8,0.5
heart.dat,23.015,0.7963,0.8,0.6
heart.dat,23.654,0.7741,0.8,0.7
heart.dat,24.471,0.8111,0.8,0.8
heart.dat,25.65,0.8037,0.8,0.9
heart.dat,26.166,0.7852,0.8,1.0
heart.dat,19.721,0.8185,0.9,0.0
heart.dat,19.388,0.8074,0.9,0.1
heart.dat,20.048,0.7963,0.9,0.2
heart.dat,20.528,0.7815,0.9,0.3
heart.dat,21.451,0.7815,0.9,0.4
heart.dat,22.16,0.7926,0.9,0.5
heart.dat,23.167,0.8333,0.9,0.6
heart.dat,24.027,0.7852,0.9,0.7
heart.dat,24.891,0.8185,0.9,0.8
heart.dat,25.424,0.7926,0.9,0.9
heart.dat,26.173,0.8296,0.9,1.0
heart.dat,19.376,0.8,1.0,0.0
heart.dat,19.925,0.8148,1.0,0.1
heart.dat,21.444,0.8037,1.0,0.2
heart.dat,23.697,0.8259,1.0,0.3
heart.dat,26.102,0.8,1.0,0.4
heart.dat,28.575,0.7852,1.0,0.5
heart.dat,30.567,0.7778,1.0,0.6
heart.dat,32.433,0.8074,1.0,0.7
heart.dat,34.036,0.8296,1.0,0.8
heart.dat,36.43,0.8185,1.0,0.9
heart.dat,38.084,0.7963,1.0,1.0
heart.dat,19.776,0.7926,0.0,0.0
heart.dat,19.75,0.8259,0.0,0.1
heart.dat,19.577,0.8185,0.0,0.2
heart.dat,19.671,0.8259,0.0,0.3
heart.dat,19.783,0.7926,0.0,0.4
heart.dat,19.539,0.8111,0.0,0.5
heart.dat,19.642,0.7926,0.0,0.6
heart.dat,19.451,0.8,0.0,0.7
heart.dat,19.797,0.8111,0.0,0.8
heart.dat,20.033,0.8148,0.0,0.9
heart.dat,19.429,0.8037,0.0,1.0
heart.dat,19.626,0.8111,0.1,0.0
heart.dat,19.357,0.8074,0.1,0.1
heart.dat,19.393,0.8037,0.1,0.2
heart.dat,19.435,0.7778,0.1,0.3
heart.dat,19.646,0.7815,0.1,0.4
heart.dat,20.043,0.8222,0.1,0.5
heart.dat,19.9,0.7815,0.1,0.6
heart.dat,20.182,0.8,0.1,0.7
heart.dat,20.523,0.8074,0.1,0.8
heart.dat,20.317,0.8037,0.1,0.9
heart.dat,20.699,0.8444,0.1,1.0
heart.dat,20.112,0.8333,0.2,0.0
heart.dat,19.486,0.8037,0.2,0.1
heart.dat,19.463,0.8111,0.2,0.2
heart.dat,19.675,0.8,0.2,0.3
heart.dat,19.831,0.7963,0.2,0.4
heart.dat,20.36,0.8111,0.2,0.5
heart.dat,20.813,0.7778,0.2,0.6
heart.dat,20.793,0.8148,0.2,0.7
heart.dat,21.29,0.7926,0.2,0.8
heart.dat,21.883,0.7852,0.2,0.9
heart.dat,21.759,0.8259,0.2,1.0
heart.dat,20.007,0.8111,0.3,0.0
heart.dat,19.235,0.8185,0.3,0.1
heart.dat,19.474,0.8407,0.3,0.2
heart.dat,19.789,0.7926,0.3,0.3
heart.dat,20.044,0.7963,0.3,0.4
heart.dat,20.813,0.7926,0.3,0.5
heart.dat,20.731,0.7741,0.3,0.6
heart.dat,21.432,0.7963,0.3,0.7
heart.dat,21.465,0.7778,0.3,0.8
heart.dat,22.023,0.8037,0.3,0.9
heart.dat,22.928,0.7963,0.3,1.0
heart.dat,19.726,0.8333,0.4,0.0
heart.dat,19.466,0.8185,0.4,0.1
heart.dat,19.638,0.7926,0.4,0.2
heart.dat,20.227,0.8,0.4,0.3
heart.dat,20.763,0.763,0.4,0.4
heart.dat,21.055,0.7852,0.4,0.5
heart.dat,21.2,0.7741,0.4,0.6
heart.dat,22.102,0.8074,0.4,0.7
heart.dat,22.4,0.7963,0.4,0.8
heart.dat,23.296,0.7926,0.4,0.9
heart.dat,23.962,0.7667,0.4,1.0
heart.dat,19.945,0.8037,0.5,0.0
heart.dat,19.436,0.8185,0.5,0.1
heart.dat,20.006,0.8111,0.5,0.2
heart.dat,20.698,0.8,0.5,0.3
heart.dat,21.272,0.7889,0.5,0.4
heart.dat,22.207,0.8074,0.5,0.5
heart.dat,22.814,0.7815,0.5,0.6
heart.dat,24.055,0.8333,0.5,0.7
heart.dat,24.729,0.8,0.5,0.8
heart.dat,25.567,0.7963,0.5,0.9
heart.dat,25.969,0.8,0.5,1.0
heart.dat,19.809,0.7963,0.6,0.0
heart.dat,19.703,0.7741,0.6,0.1
heart.dat,19.935,0.8148,0.6,0.2
heart.dat,21.013,0.8037,0.6,0.3
heart.dat,21.231,0.8259,0.6,0.4
heart.dat,22.274,0.8111,0.6,0.5
heart.dat,23.057,0.8037,0.6,0.6
heart.dat,23.936,0.7889,0.6,0.7
heart.dat,24.806,0.7815,0.6,0.8
heart.dat,25.425,0.8,0.6,0.9
heart.dat,25.992,0.8222,0.6,1.0
heart.dat,19.554,0.8111,0.7,0.0
heart.dat,19.525,0.7963,0.7,0.1
heart.dat,20.024,0.8185,0.7,0.2
heart.dat,20.532,0.8074,0.7,0.3
heart.dat,21.397,0.7963,0.7,0.4
heart.dat,22.573,0.8037,0.7,0.5
heart.dat,23.137,0.7852,0.7,0.6
heart.dat,23.84,0.8259,0.7,0.7
heart.dat,24.85,0.7889,0.7,0.8
heart.dat,25.442,0.7963,0.7,0.9
heart.dat,25.993,0.763,0.7,1.0
heart.dat,19.816,0.8296,0.8,0.0
heart.dat,19.483,0.7963,0.8,0.1
heart.dat,20.128,0.8222,0.8,0.2
heart.dat,20.83,0.8111,0.8,0.3
heart.dat,21.449,0.7926,0.8,0.4
heart.dat,22.423,0.7963,0.8,0.5
heart.dat,23.217,0.7852,0.8,0.6
heart.dat,23.527,0.7963,0.8,0.7
heart.dat,24.883,0.8074,0.8,0.8
heart.dat,25.447,0.8074,0.8,0.9
heart.dat,26.029,0.7815,0.8,1.0
heart.dat,19.836,0.837,0.9,0.0
heart.dat,19.719,0.7926,0.9,0.1
heart.dat,20.308,0.8111,0.9,0.2
heart.dat,20.458,0.8074,0.9,0.3
heart.dat,21.546,0.8074,0.9,0.4
heart.dat,22.012,0.7778,0.9,0.5
heart.dat,23.028,0.7815,0.9,0.6
heart.dat,23.845,0.8037,0.9,0.7
heart.dat,24.47,0.7926,0.9,0.8
heart.dat,25.62,0.8037,0.9,0.9
heart.dat,26.197,0.8111,0.9,1.0
heart.dat,19.61,0.7926,1.0,0.0
heart.dat,19.995,0.8074,1.0,0.1
heart.dat,21.687,0.8,1.0,0.2
heart.dat,23.687,0.7704,1.0,0.3
heart.dat,26.127,0.7963,1.0,0.4
heart.dat,28.404,0.8111,1.0,0.5
heart.dat,31.077,0.7963,1.0,0.6
heart.dat,32.804,0.8037,1.0,0.7
heart.dat,34.576,0.7926,1.0,0.8
heart.dat,36.866,0.8,1.0,0.9
heart.dat,38.516,0.7889,1.0,1.0
heart.dat,19.9,0.8037,0.0,0.0
heart.dat,19.718,0.8,0.0,0.1
heart.dat,19.647,0.8185,0.0,0.2
heart.dat,19.735,0.8296,0.0,0.3
heart.dat,19.725,0.8222,0.0,0.4
heart.dat,19.476,0.8074,0.0,0.5
heart.dat,19.326,0.8222,0.0,0.6
heart.dat,19.992,0.8,0.0,0.7
heart.dat,19.745,0.8037,0.0,0.8
heart.dat,19.482,0.8037,0.0,0.9
heart.dat,19.457,0.8074,0.0,1.0
heart.dat,19.723,0.8333,0.1,0.0
heart.dat,19.16,0.837,0.1,0.1
heart.dat,19.063,0.7963,0.1,0.2
heart.dat,19.461,0.8185,0.1,0.3
heart.dat,19.318,0.8037,0.1,0.4
heart.dat,19.914,0.8074,0.1,0.5
heart.dat,19.97,0.8074,0.1,0.6
heart.dat,20.062,0.8074,0.1,0.7
heart.dat,20.121,0.8148,0.1,0.8
heart.dat,20.301,0.8111,0.1,0.9
heart.dat,20.869,0.8111,0.1,1.0
heart.dat,20.188,0.8,0.2,0.0
heart.dat,19.17,0.7889,0.2,0.1
heart.dat,19.395,0.8111,0.2,0.2
heart.dat,19.864,0.7852,0.2,0.3
heart.dat,20.104,0.7926,0.2,0.4
heart.dat,20.281,0.7926,0.2,0.5
heart.dat,20.631,0.7889,0.2,0.6
heart.dat,20.94,0.7926,0.2,0.7
heart.dat,20.967,0.8037,0.2,0.8
heart.dat,21.734,0.8037,0.2,0.9
heart.dat,22.277,0.8444,0.2,1.0
heart.dat,19.844,0.8074,0.3,0.0
heart.dat,19.424,0.7852,0.3,0.1
heart.dat,19.62,0.8037,0.3,0.2
heart.dat,19.788,0.8222,0.3,0.3
heart.dat,20.416,0.8148,0.3,0.4
heart.dat,20.676,0.8074,0.3,0.5
heart.dat,21.231,0.7926,0.3,0.6
heart.dat,21.445,0.7963,0.3,0.7
heart.dat,21.812,0.8074,0.3,0.8
heart.dat,22.253,0.7926,0.3,0.9
heart.dat,22.801,0.8,0.3,1.0
heart.dat,19.414,0.7963,0.4,0.0
heart.dat,19.278,0.8111,0.4,0.1
heart.dat,19.662,0.7852,0.4,0.2
heart.dat,20.28,0.8111,0.4,0.3
heart.dat,20.659,0.8148,0.4,0.4
heart.dat,21.371,0.7926,0.4,0.5
heart.dat,21.48,0.7963,0.4,0.6
heart.dat,22.394,0.8037,0.4,0.7
heart.dat,22.421,0.7852,0.4,0.8
heart.dat,23.283,0.8148,0.4,0.9
heart.dat,23.55,0.8222,0.4,1.0
heart.dat,19.708,0.7926,0.5,0.0
heart.dat,19.573,0.8148,0.5,0.1
heart.dat,20.199,0.7963,0.5,0.2
heart.dat,20.893,0.8,0.5,0.3
heart.dat,21.248,0.8,0.5,0.4
heart.dat,22.024,0.8111,0.5,0.5
heart.dat,22.878,0.8185,0.5,0.6
heart.dat,23.582,0.7852,0.5,0.7
heart.dat,24.524,0.7926,0.5,0.8
heart.dat,25.417,0.7889,0.5,0.9
heart.dat,26.159,0.8074,0.5,1.0
heart.dat,19.827,0.7815,0.6,0.0
heart.dat,19.469,0.7963,0.6,0.1
heart.dat,20.096,0.8074,0.6,0.2
heart.dat,20.894,0.8074,0.6,0.3
heart.dat,21.376,0.8296,0.6,0.4
heart.dat,22.315,0.7741,0.6,0.5
heart.dat,22.989,0.8259,0.6,0.6
heart.dat,23.412,0.7815,0.6,0.7
heart.dat,24.702,0.8,0.6,0.8
heart.dat,25.519,0.8037,0.6,0.9
heart.dat,26.262,0.7889,0.6,1.0
heart.dat,19.762,0.8148,0.7,0.0
heart.dat,19.359,0.8074,0.7,0.1
heart.dat,20.253,0.8037,0.7,0.2
heart.dat,20.809,0.8111,0.7,0.3
heart.dat,21.418,0.7741,0.7,0.4
heart.dat,22.208,0.8074,0.7,0.5
heart.dat,23.09,0.8148,0.7,0.6
heart.dat,23.709,0.7778,0.7,0.7
heart.dat,25.026,0.763,0.7,0.8
heart.dat,25.432,0.7889,0.7,0.9
heart.dat,26.16,0.7963,0.7,1.0
heart.dat,19.628,0.8444,0.8,0.0
heart.dat,19.629,0.8,0.8,0.1
heart.dat,20.035,0.8111,0.8,0.2
heart.dat,20.942,0.7926,0.8,0.3
heart.dat,21.614,0.8185,0.8,0.4
heart.dat,22.316,0.7704,0.8,0.5
heart.dat,23.004,0.763,0.8,0.6
heart.dat,23.921,0.8037,0.8,0.7
heart.dat,24.679,0.7963,0.8,0.8
heart.dat,25.261,0.8111,0.8,0.9
heart.dat,26.471,0.7778,0.8,1.0
heart.dat,19.624,0.8259,0.9,0.0
heart.dat,19.619,0.8037,0.9,0.1
heart.dat,20.051,0.8,0.9,0.2
heart.dat,20.956,0.7889,0.9,0.3
heart.dat,21.538,0.7852,0.9,0.4
heart.dat,22.391,0.8,0.9,0.5
heart.dat,23.112,0.7926,0.9,0.6
heart.dat,23.924,0.8074,0.9,0.7
heart.dat,24.613,0.7926,0.9,0.8
heart.dat,25.511,0.7778,0.9,0.9
heart.dat,25.696,0.8111,0.9,1.0
heart.dat,19.624,0.8185,1.0,0.0
heart.dat,20.122,0.8,1.0,0.1
heart.dat,21.483,0.8074,1.0,0.2
heart.dat,23.784,0.8,1.0,0.3
heart.dat,25.477,0.763,1.0,0.4
heart.dat,28.575,0.8074,1.0,0.5
heart.dat,31.053,0.7815,1.0,0.6
heart.dat,32.54,0.8037,1.0,0.7
heart.dat,34.673,0.8074,1.0,0.8
heart.dat,36.295,0.837,1.0,0.9
heart.dat,38.269,0.8111,1.0,1.0
heart.dat,19.829,0.8185,0.0,0.0
heart.dat,19.86,0.8407,0.0,0.1
heart.dat,19.592,0.8296,0.0,0.2
heart.dat,19.537,0.8185,0.0,0.3
heart.dat,19.792,0.8222,0.0,0.4
heart.dat,19.655,0.8111,0.0,0.5
heart.dat,19.7,0.7926,0.0,0.6
heart.dat,19.607,0.8259,0.0,0.7
heart.dat,19.863,0.8148,0.0,0.8
heart.dat,20.324,0.8148,0.0,0.9
heart.dat,19.456,0.8037,0.0,1.0
heart.dat,19.457,0.7852,0.1,0.0
heart.dat,19.248,0.8074,0.1,0.1
heart.dat,19.557,0.8222,0.1,0.2
heart.dat,19.241,0.8222,0.1,0.3
heart.dat,19.643,0.8074,0.1,0.4
heart.dat,19.798,0.8037,0.1,0.5
heart.dat,19.858,0.8111,0.1,0.6
heart.dat,20.196,0.8,0.1,0.7
heart.dat,20.402,0.8,0.1,0.8
heart.dat,20.42,0.8,0.1,0.9
heart.dat,20.488,0.8148,0.1,1.0
heart.dat,19.936,0.7963,0.2,0.0
heart.dat,19.163,0.837,0.2,0.1
heart.dat,19.502,0.8,0.2,0.2
heart.dat,19.856,0.8111,0.2,0.3
heart.dat,19.933,0.8,0.2,0.4
heart.dat,20.373,0.7926,0.2,0.5
heart.dat,20.75,0.8148,0.2,0.6
heart.dat,20.742,0.8333,0.2,0.7
heart.dat,21.428,0.8296,0.2,0.8
heart.dat,21.607,0.7889,0.2,0.9
heart.dat,21.805,0.8074,0.2,1.0
heart.dat,19.622,0.8074,0.3,0.0
heart.dat,19.508,0.8333,0.3,0.1
heart.dat,19.608,0.8,0.3,0.2
heart.dat,19.81,0.8148,0.3,0.3
heart.dat,20.115,0.8333,0.3,0.4
heart.dat,20.685,0.8037,0.3,0.5
heart.dat,20.767,0.8296,0.3,0.6
heart.dat,21.465,0.7815,0.3,0.7
heart.dat,21.572,0.8185,0.3,0.8
heart.dat,22.156,0.8037,0.3,0.9
heart.dat,22.372,0.8074,0.3,1.0
heart.dat,19.64,0.8222,0.4,0.0
heart.dat,19.458,0.8148,0.4,0.1
heart.dat,19.747,0.8111,0.4,0.2
heart.dat,20.029,0.7852,0.4,0.3
heart.dat,20.732,0.7704,0.4,0.4
heart.dat,21.227,0.7926,0.4,0.5
heart.dat,21.771,0.7963,0.4,0.6
heart.dat,22.112,0.7889,0.4,0.7
heart.dat,22.483,0.7963,0.4,0.8
heart.dat,23.494,0.7667,0.4,0.9
heart.dat,23.673,0.7852,0.4,1.0
heart.dat,19.771,0.8037,0.5,0.0
heart.dat,19.4,0.8111,0.5,0.1
heart.dat,20.01,0.8148,0.5,0.2
heart.dat,20.904,0.7926,0.5,0.3
heart.dat,21.228,0.7778,0.5,0.4
heart.dat,22.256,0.8333,0.5,0.5
heart.dat,22.936,0.7667,0.5,0.6
heart.dat,23.521,0.7741,0.5,0.7
heart.dat,24.479,0.8111,0.5,0.8
heart.dat,25.5,0.7963,0.5,0.9
heart.dat,26.255,0.7667,0.5,1.0
heart.dat,19.288,0.7778,0.6,0.0
heart.dat,19.499,0.8074,0.6,0.1
heart.dat,20.197,0.7926,0.6,0.2
heart.dat,20.738,0.7926,0.6,0.3
heart.dat,21.251,0.837,0.6,0.4
heart.dat,22.04,0.8,0.6,0.5
heart.dat,22.943,0.7741,0.6,0.6
heart.dat,23.765,0.8074,0.6,0.7
heart.dat,24.809,0.7778,0.6,0.8
heart.dat,25.591,0.8074,0.6,0.9
heart.dat,26.464,0.7889,0.6,1.0
heart.dat,19.609,0.8111,0.7,0.0
heart.dat,19.411,0.8148,0.7,0.1
heart.dat,19.965,0.8296,0.7,0.2
heart.dat,20.876,0.7963,0.7,0.3
heart.dat,21.4,0.7963,0.7,0.4
heart.dat,22.214,0.7889,0.7,0.5
heart.dat,23.115,0.8037,0.7,0.6
heart.dat,23.95,0.8259,0.7,0.7
heart.dat,24.468,0.7556,0.7,0.8
heart.dat,25.368,0.8259,0.7,0.9
heart.dat,26.134,0.7778,0.7,1.0
heart.dat,19.448,0.8,0.8,0.0
heart.dat,19.548,0.8074,0.8,0.1
heart.dat,20.218,0.8074,0.8,0.2
heart.dat,20.677,0.7852,0.8,0.3
heart.dat,21.609,0.8259,0.8,0.4
heart.dat,21.871,0.8185,0.8,0.5
heart.dat,23.545,0.8148,0.8,0.6
heart.dat,23.927,0.8148,0.8,0.7
heart.dat,24.789,0.8296,0.8,0.8
heart.dat,25.254,0.8,0.8,0.9
heart.dat,26.324,0.7926,0.8,1.0
heart.dat,19.611,0.7926,0.9,0.0
heart.dat,19.571,0.8259,0.9,0.1
heart.dat,19.752,0.7926,0.9,0.2
heart.dat,20.785,0.8259,0.9,0.3
heart.dat,21.642,0.7704,0.9,0.4
heart.dat,22.389,0.8222,0.9,0.5
heart.dat,23.027,0.7852,0.9,0.6
heart.dat,23.744,0.8037,0.9,0.7
heart.dat,24.637,0.8037,0.9,0.8
heart.dat,25.942,0.7667,0.9,0.9
heart.dat,26.57,0.7963,0.9,1.0
heart.dat,19.324,0.8,1.0,0.0
heart.dat,20.027,0.8148,1.0,0.1
heart.dat,21.521,0.8185,1.0,0.2
heart.dat,23.695,0.8074,1.0,0.3
heart.dat,25.908,0.8,1.0,0.4
heart.dat,29.16,0.7852,1.0,0.5
heart.dat,30.457,0.8037,1.0,0.6
heart.dat,32.8,0.8037,1.0,0.7
heart.dat,34.874,0.8148,1.0,0.8
heart.dat,36.3,0.7778,1.0,0.9
heart.dat,37.782,0.8074,1.0,1.0
heart.dat,19.752,0.8296,0.0,0.0
heart.dat,19.744,0.8222,0.0,0.1
heart.dat,19.931,0.7926,0.0,0.2
heart.dat,19.771,0.8185,0.0,0.3
heart.dat,19.799,0.8148,0.0,0.4
heart.dat,19.655,0.7963,0.0,0.5
heart.dat,19.617,0.8111,0.0,0.6
heart.dat,20.196,0.8111,0.0,0.7
heart.dat,19.547,0.8037,0.0,0.8
heart.dat,19.472,0.8259,0.0,0.9
heart.dat,19.672,0.8111,0.0,1.0
heart.dat,19.535,0.7889,0.1,0.0
heart.dat,19.243,0.8185,0.1,0.1
heart.dat,19.177,0.7889,0.1,0.2
heart.dat,19.54,0.7963,0.1,0.3
heart.dat,19.59,0.8148,0.1,0.4
heart.dat,19.79,0.8111,0.1,0.5
heart.dat,20.093,0.8037,0.1,0.6
heart.dat,19.949,0.7889,0.1,0.7
heart.dat,20.336,0.8148,0.1,0.8
heart.dat,20.294,0.8222,0.1,0.9
heart.dat,20.512,0.8037,0.1,1.0
heart.dat,19.569,0.8148,0.2,0.0
heart.dat,19.362,0.8074,0.2,0.1
heart.dat,19.719,0.8074,0.2,0.2
heart.dat,19.763,0.8,0.2,0.3
heart.dat,19.988,0.7926,0.2,0.4
heart.dat,20.473,0.7963,0.2,0.5
heart.dat,20.498,0.7889,0.2,0.6
heart.dat,20.966,0.8111,0.2,0.7
heart.dat,21.437,0.8,0.2,0.8
heart.dat,21.675,0.8037,0.2,0.9
heart.dat,21.792,0.7852,0.2,1.0
heart.dat,19.663,0.8296,0.3,0.0
heart.dat,19.432,0.8111,0.3,0.1
heart.dat,19.711,0.7963,0.3,0.2
heart.dat,19.839,0.8111,0.3,0.3
heart.dat,19.938,0.7852,0.3,0.4
heart.dat,20.55,0.8111,0.3,0.5
heart.dat,20.884,0.8111,0.3,0.6
heart.dat,21.703,0.8259,0.3,0.7
heart.dat,22.018,0.8148,0.3,0.8
heart.dat,22.137,0.7889,0.3,0.9
heart.dat,22.515,0.7926,0.3,1.0
heart.dat,19.941,0.8222,0.4,0.0
heart.dat,19.406,0.7926,0.4,0.1
heart.dat,19.516,0.8074,0.4,0.2
heart.dat,20.128,0.8296,0.4,0.3
heart.dat,20.501,0.8259,0.4,0.4
heart.dat,21.193,0.8111,0.4,0.5
heart.dat,21.568,0.7926,0.4,0.6
heart.dat,22.096,0.8074,0.4,0.7
heart.dat,22.639,0.7778,0.4,0.8
heart.dat,23.152,0.8185,0.4,0.9
heart.dat,23.815,0.8037,0.4,1.0
heart.dat,19.543,0.8074,0.5,0.0
heart.dat,19.636,0.7852,0.5,0.1
heart.dat,20.226,0.8148,0.5,0.2
heart.dat,20.706,0.8111,0.5,0.3
heart.dat,21.364,0.7889,0.5,0.4
heart.dat,22.549,0.8,0.5,0.5
heart.dat,23.083,0.8037,0.5,0.6
heart.dat,23.882,0.8074,0.5,0.7
heart.dat,24.575,0.7963,0.5,0.8
heart.dat,25.127,0.7741,0.5,0.9
heart.dat,26.178,0.8074,0.5,1.0
heart.dat,19.807,0.8111,0.6,0.0
heart.dat,19.446,0.8222,0.6,0.1
heart.dat,20.246,0.7667,0.6,0.2
heart.dat,20.769,0.7889,0.6,0.3
heart.dat,21.525,0.7704,0.6,0.4
heart.dat,22.476,0.8074,0.6,0.5
heart.dat,23.241,0.8037,0.6,0.6
heart.dat,23.95,0.7741,0.6,0.7
heart.dat,24.786,0.8037,0.6,0.8
heart.dat,25.673,0.8296,0.6,0.9
heart.dat,26.242,0.7963,0.6,1.0
heart.dat,19.677,0.8111,0.7,0.0
heart.dat,19.611,0.7852,0.7,0.1
heart.dat,19.998,0.8037,0.7,0.2
heart.dat,20.609,0.8222,0.7,0.3
heart.dat,21.443,0.8037,0.7,0.4
heart.dat,21.678,0.8185,0.7,0.5
heart.dat,22.84,0.7741,0.7,0.6
heart.dat,23.624,0.7963,0.7,0.7
heart.dat,24.606,0.8,0.7,0.8
heart.dat,25.233,0.7778,0.7,0.9
heart.dat,26.213,0.8074,0.7,1.0
heart.dat,19.906,0.837,0.8,0.0
heart.dat,19.506,0.7963,0.8,0.1
heart.dat,20.202,0.7963,0.8,0.2
heart.dat,20.728,0.7926,0.8,0.3
heart.dat,21.263,0.7815,0.8,0.4
heart.dat,22.139,0.7889,0.8,0.5
heart.dat,23.047,0.7889,0.8,0.6
heart.dat,23.776,0.7704,0.8,0.7
heart.dat,24.578,0.8,0.8,0.8
heart.dat,25.76,0.7963,0.8,0.9
heart.dat,26.518,0.7889,0.8,1.0
heart.dat,19.778,0.7815,0.9,0.0
heart.dat,19.166,0.7889,0.9,0.1
heart.dat,20.042,0.8296,0.9,0.2
heart.dat,20.909,0.7963,0.9,0.3
heart.dat,21.512,0.7778,0.9,0.4
heart.dat,22.078,0.8185,0.9,0.5
heart.dat,22.956,0.8074,0.9,0.6
heart.dat,23.918,0.8111,0.9,0.7
heart.dat,24.336,0.7889,0.9,0.8
heart.dat,25.427,0.7889,0.9,0.9
heart.dat,26.331,0.7704,0.9,1.0
heart.dat,19.677,0.8111,1.0,0.0
heart.dat,20.02,0.7926,1.0,0.1
heart.dat,21.282,0.8037,1.0,0.2
heart.dat,23.975,0.7963,1.0,0.3
heart.dat,25.961,0.7963,1.0,0.4
heart.dat,28.933,0.7926,1.0,0.5
heart.dat,31.095,0.8111,1.0,0.6
heart.dat,32.786,0.8185,1.0,0.7
heart.dat,34.168,0.8148,1.0,0.8
heart.dat,36.985,0.7667,1.0,0.9
heart.dat,37.735,0.8,1.0,1.0
